INSERT INTO Category (id, title, logo, color) VALUES (13,'Your compagny','Logo13','Couleur13');
INSERT INTO Category (id, title, logo, color) VALUES (54,'Infrastructures','Logo54','Couleur54');
INSERT INTO Category (id, title, logo, color) VALUES (137,'Management','Logo137','Couleur137');
INSERT INTO Category (id, title, logo, color) VALUES (168,'Infrastructure','Logo168','Couleur168');
INSERT INTO Category (id, title, logo, color) VALUES (218,'Printing','Logo218','Couleur218');
INSERT INTO Category (id, title, logo, color) VALUES (200,'Energy consumption','Logo200','Couleur200');
INSERT INTO Question (category_id,id,label,help) VALUES (13,1,' In which sector of activity is your company active? (linked with your APE code)','');
INSERT INTO Question (category_id,id,label,help) VALUES (13,10,' Do you do a design review at the end of your application''s development?','');
INSERT INTO Question (category_id,id,label,help) VALUES (13,2,' What is the number of employees in your company on 18/12/31 ?','');
INSERT INTO Question (category_id,id,label,help) VALUES (13,3,' What is the turnover of your company in the last fiscal year? (or annual budget for Public sector)','');
INSERT INTO Question (category_id,id,label,help) VALUES (13,4,' Do you develop digital services for internal or external use (sales to customers)?','');
INSERT INTO Question (category_id,id,label,help) VALUES (13,5,' What is the number of users of your digital services?','');
INSERT INTO Question (category_id,id,label,help) VALUES (13,6,' Do you apply the rules and best practices for digital accessibility?','');
INSERT INTO Question (category_id,id,label,help) VALUES (13,7,' Have you optimized the states and printouts in your application tools (reduced number of pages when printing, ink consumption ...)','');
INSERT INTO Question (category_id,id,label,help) VALUES (13,8,' Do you integrate the principles of the ecodesign of digital services?','');
INSERT INTO Question (category_id,id,label,help) VALUES (13,9,' Do you use a modular application architecture?','');
INSERT INTO Question (category_id,id,label,help) VALUES (54,11,' What is the overall storage volume of your corporate data (centralized on external hard drives, centralized server, NAS, SAN ...) in Terabytes (TB) useful?','');
INSERT INTO Question (category_id,id,label,help) VALUES (54,12,' Do you have a server or do you only work with one or more workstations?','');
INSERT INTO Question (category_id,id,label,help) VALUES (54,13,' Do you have a dedicated room, simple room or cupboard with bay dedicated to your IT infrastructure?','');
INSERT INTO Question (category_id,id,label,help) VALUES (54,14,' Is your computer room in house or at a host?','');
INSERT INTO Question (category_id,id,label,help) VALUES (54,15,' What is the total area of your computer rooms (excluding technical infrastructure *)? (in m2)','');
INSERT INTO Question (category_id,id,label,help) VALUES (54,16,' Do you know the PUE * of your Data Center?','*PUE : Power Usage Effectiveness');
INSERT INTO Question (category_id,id,label,help) VALUES (54,17,' What is the rate of charge or energy use of your computer rooms?','Rate = Electrical power absorbed by your IT equipment, divided by room capacity in kW, then multiplied by 100 (used energy / available energy)');
INSERT INTO Question (category_id,id,label,help) VALUES (54,18,' Have you led or are you planning actions to optimize your infrastructure? Especially :','');
INSERT INTO Question (category_id,id,label,help) VALUES (54,19,' The purchase of non-IT equipment from IT rooms (air conditioning, air treatment, inverters, etc.) according to energy efficiency criteria','');
INSERT INTO Question (category_id,id,label,help) VALUES (54,20,' Implementing the good practices of the European Code of Conduct for DataCenter?','');
INSERT INTO Question (category_id,id,label,help) VALUES (54,21,' Data center PUE tracking','');
INSERT INTO Question (category_id,id,label,help) VALUES (54,22,' Regular monitoring of environmental indicators of computer rooms','');
INSERT INTO Question (category_id,id,label,help) VALUES (54,23,' Environmental impact analysis of the datacenter in life cycle approach','');
INSERT INTO Question (category_id,id,label,help) VALUES (54,24,' Optimizing the architecture and layout of rooms','');
INSERT INTO Question (category_id,id,label,help) VALUES (54,25,' The urbanization of halls in hot / cold aisles','');
INSERT INTO Question (category_id,id,label,help) VALUES (54,26,' Containment of air flows (corridors)','');
INSERT INTO Question (category_id,id,label,help) VALUES (54,27,' The use of natural cooling sources (freecooling)','');
INSERT INTO Question (category_id,id,label,help) VALUES (54,28,' Implementation of a heat recovery system for computer rooms (heating)','');
INSERT INTO Question (category_id,id,label,help) VALUES (54,29,' The set temperature in the cold corridor remains higher than 24 °','');
INSERT INTO Question (category_id,id,label,help) VALUES (54,30,' The choice of a modular datacenter architecture','');
INSERT INTO Question (category_id,id,label,help) VALUES (54,31,' Have you led or are you planning actions to optimize your infrastructure? Especially :','');
INSERT INTO Question (category_id,id,label,help) VALUES (54,32,' Suspending network equipment','');
INSERT INTO Question (category_id,id,label,help) VALUES (54,33,' Pooling physical equipment','');
INSERT INTO Question (category_id,id,label,help) VALUES (54,34,' Uninstalling unnecessary infrastructure','');
INSERT INTO Question (category_id,id,label,help) VALUES (54,35,' Traceability of material elements (CMDB)','');
INSERT INTO Question (category_id,id,label,help) VALUES (54,36,' The correct sizing of the servers in relation to their use','');
INSERT INTO Question (category_id,id,label,help) VALUES (54,37,' Give priority to ASHRAE 2 compatible equipment','');
INSERT INTO Question (category_id,id,label,help) VALUES (54,38,' A procedure for provisioning and de-provisioning data-processing equipment in datacenters','');
INSERT INTO Question (category_id,id,label,help) VALUES (54,39,' Do you know the number of physical servers and virtual servers in your company?','');
INSERT INTO Question (category_id,id,label,help) VALUES (54,40,' How many physical servers do you have?','');
INSERT INTO Question (category_id,id,label,help) VALUES (54,41,' How many virtual servers do you have?','');
INSERT INTO Question (category_id,id,label,help) VALUES (54,42,' What will be the evolution of your number of physical servers for 2019? (in% or quantity)','');
INSERT INTO Question (category_id,id,label,help) VALUES (54,43,' What will be the evolution of your number of virtual servers for 2019? (in% or quantity)','');
INSERT INTO Question (category_id,id,label,help) VALUES (137,44,' Has your company appointed a Green IT Manager / Digital Manager?','');
INSERT INTO Question (category_id,id,label,help) VALUES (137,45,' Do you have a responsible digital strategy broken down into an action plan?','');
INSERT INTO Question (category_id,id,label,help) VALUES (137,46,' Is Green IT a topic integrated into your CSR strategy?','');
INSERT INTO Question (category_id,id,label,help) VALUES (137,47,' Do you regularly evaluate the environmental impacts of your information system?','');
INSERT INTO Question (category_id,id,label,help) VALUES (137,48,' Do you have a team of competent referees on the topics of Green IT?','');
INSERT INTO Question (category_id,id,label,help) VALUES (137,49,' Have you integrated Green IT into your business strategy','');
INSERT INTO Question (category_id,id,label,help) VALUES (168,50,' Do you have those equipments in your compagny:','');
INSERT INTO Question (category_id,id,label,help) VALUES (168,51,' Fixed stations, workstations','');
INSERT INTO Question (category_id,id,label,help) VALUES (168,52,' Laptops, digital tablets','');
INSERT INTO Question (category_id,id,label,help) VALUES (168,53,' Small printers (<15kg, potentially used by a household)','');
INSERT INTO Question (category_id,id,label,help) VALUES (168,54,' Flat screen monitors','');
INSERT INTO Question (category_id,id,label,help) VALUES (168,55,' Other flat screens (TV, projection screen, digital board ...)','');
INSERT INTO Question (category_id,id,label,help) VALUES (168,56,' CRT monitors (monitors or other)','');
INSERT INTO Question (category_id,id,label,help) VALUES (168,57,' Video projectors','');
INSERT INTO Question (category_id,id,label,help) VALUES (168,58,' Mobile phones','');
INSERT INTO Question (category_id,id,label,help) VALUES (168,59,' Fixed telephones (standalone not connected to such a standard)','');
INSERT INTO Question (category_id,id,label,help) VALUES (168,60,' Digital cameras','');
INSERT INTO Question (category_id,id,label,help) VALUES (168,61,' Hard Disk Devices, Storage, Backup','');
INSERT INTO Question (category_id,id,label,help) VALUES (168,62,' Do you have other devices in your company?','Keyboards, mouse, graphic tablets, scanners, microphones, speakers, office equipment ...');
INSERT INTO Question (category_id,id,label,help) VALUES (168,63,' Regarding other devices, do you have in your company:','');
INSERT INTO Question (category_id,id,label,help) VALUES (168,64,' Keyboards','');
INSERT INTO Question (category_id,id,label,help) VALUES (168,65,' Mouse','');
INSERT INTO Question (category_id,id,label,help) VALUES (168,66,' Graphic tablets','');
INSERT INTO Question (category_id,id,label,help) VALUES (168,67,' Scanners','');
INSERT INTO Question (category_id,id,label,help) VALUES (168,68,' Speakers','');
INSERT INTO Question (category_id,id,label,help) VALUES (168,69,' Office automation','');
INSERT INTO Question (category_id,id,label,help) VALUES (218,74,' Do you use copiers from a repackaging industry (second-hand / second-hand)?','');
INSERT INTO Question (category_id,id,label,help) VALUES (218,75,' Do you consolidate individual printers to shared printers?','');
INSERT INTO Question (category_id,id,label,help) VALUES (218,76,' Have you set up an identification system on printers (to trigger printing)?','');
INSERT INTO Question (category_id,id,label,help) VALUES (218,77,' What is the average life of your professional copier / MFP *?','');
INSERT INTO Question (category_id,id,label,help) VALUES (218,78,' Are your printers set by default in eco mode? Especially :','');
INSERT INTO Question (category_id,id,label,help) VALUES (218,79,' Energy saving (Automatic standby)','');
INSERT INTO Question (category_id,id,label,help) VALUES (218,80,' Black and white by default','');
INSERT INTO Question (category_id,id,label,help) VALUES (218,81,' Default duplex','* MFP Multi Fonction Printer');
INSERT INTO Question (category_id,id,label,help) VALUES (218,82,' Default draft mode','');
INSERT INTO Question (category_id,id,label,help) VALUES (218,83,' What is the number of pages printed / day / employee? (A4 equivalent)','');
INSERT INTO Question (category_id,id,label,help) VALUES (218,84,' Can you specify the number of cartridges / toners:','');
INSERT INTO Question (category_id,id,label,help) VALUES (218,85,' Do you organize the separate collection of waste cartridges / toners?','');
INSERT INTO Question (category_id,id,label,help) VALUES (218,86,' Do you prefer the use of recycled paper?','');
INSERT INTO Question (category_id,id,label,help) VALUES (218,87,' Do you choose certified paper?','');
INSERT INTO Question (category_id,id,label,help) VALUES (218,88,' Do you organize the separate collection of waste paper for recycling?','');
INSERT INTO Question (category_id,id,label,help) VALUES (200,70,' Do you know the consumption of your workstation in kWh per year?','');
INSERT INTO Question (category_id,id,label,help) VALUES (200,71,' Do you track the energy consumption of your compagny activities?','');
INSERT INTO Question (category_id,id,label,help) VALUES (200,72,' Do you know the share of IT and IT equipment in your company''s total energy consumption?','');
INSERT INTO Question (category_id,id,label,help) VALUES (200,73,' Have you set up a power management system? (automatic shutdown / shutdown of workstations)','');
INSERT INTO Response (id,type_component,label,help) VALUES (1,'CS','Yes','');
INSERT INTO Response (id,type_component,label,help) VALUES (115,'CS','No ','');
INSERT INTO Response (id,type_component,label,help) VALUES (116,'CS','I do not want to answer','');
INSERT INTO Response (id,type_component,label,help) VALUES (117,'CS','Yes','');
INSERT INTO Response (id,type_component,label,help) VALUES (120,'T','','');
INSERT INTO Response (id,type_component,label,help) VALUES (123,'T','','');
INSERT INTO Response (id,type_component,label,help) VALUES (126,'CT','In % ','');
INSERT INTO Response (id,type_component,label,help) VALUES (127,'CT','In quantity ','');
INSERT INTO Response (id,type_component,label,help) VALUES (128,'CT','I do not want to answer','');
INSERT INTO Response (id,type_component,label,help) VALUES (129,'CT','I don''t know','');
INSERT INTO Response (id,type_component,label,help) VALUES (132,'CT','In % ','');
INSERT INTO Response (id,type_component,label,help) VALUES (133,'CT','In quantity ','');
INSERT INTO Response (id,type_component,label,help) VALUES (134,'CT','I do not want to answer','');
INSERT INTO Response (id,type_component,label,help) VALUES (135,'CT','I don''t know','');
INSERT INTO Response (id,type_component,label,help) VALUES (14,'CS','Industry','');
INSERT INTO Response (id,type_component,label,help) VALUES (15,'CS','Business','');
INSERT INTO Response (id,type_component,label,help) VALUES (153,'CS','Yes partially, including only equipment present in the company','');
INSERT INTO Response (id,type_component,label,help) VALUES (154,'CS','Yes totally, including our internal equipment and services hosted by third parties','');
INSERT INTO Response (id,type_component,label,help) VALUES (155,'CS','No','');
INSERT INTO Response (id,type_component,label,help) VALUES (156,'CS','I do not know','');
INSERT INTO Response (id,type_component,label,help) VALUES (16,'CS','Information and communication','');
INSERT INTO Response (id,type_component,label,help) VALUES (169,'CM','Used: equipment used in the business activity','equipment used in the business activity');
INSERT INTO Response (id,type_component,label,help) VALUES (17,'CS','Other services activity','');
INSERT INTO Response (id,type_component,label,help) VALUES (170,'CM','Not used functional: equipment in working order but no more used by the company (stored)','equipment in working order but no more used by the company (stored)');
INSERT INTO Response (id,type_component,label,help) VALUES (171,'CM','Neither used nor functional: out of service equipment (HS) waiting for end of life treatment','out of service equipment (HS) waiting for end of life treatment');
INSERT INTO Response (id,type_component,label,help) VALUES (18,'CS','All other activities (financial, agricultural activities ...)','');
INSERT INTO Response (id,type_component,label,help) VALUES (19,'CS','Construction ','');
INSERT INTO Response (id,type_component,label,help) VALUES (2,'CS','No','');
INSERT INTO Response (id,type_component,label,help) VALUES (20,'CS','Public sector ','');
INSERT INTO Response (id,type_component,label,help) VALUES (201,'CS','Yes (please specify how much in kWh / year) ','');
INSERT INTO Response (id,type_component,label,help) VALUES (202,'CS','No','');
INSERT INTO Response (id,type_component,label,help) VALUES (21,'CS','Specialized, Scientific and Technical or Administrative and Support Services Activities','');
INSERT INTO Response (id,type_component,label,help) VALUES (210,'CT','Yes (please specify how much in %) ','');
INSERT INTO Response (id,type_component,label,help) VALUES (211,'CT','No','');
INSERT INTO Response (id,type_component,label,help) VALUES (22,'CS','Real estate','');
INSERT INTO Response (id,type_component,label,help) VALUES (234,'CT','* MFP Multi Fonction Printer','');
INSERT INTO Response (id,type_component,label,help) VALUES (235,'CT','I do not know','');
INSERT INTO Response (id,type_component,label,help) VALUES (236,'CT','Do not want to answer','');
INSERT INTO Response (id,type_component,label,help) VALUES (237,'CT','x years (please specify) ','');
INSERT INTO Response (id,type_component,label,help) VALUES (246,'CS','Less than 10 ','');
INSERT INTO Response (id,type_component,label,help) VALUES (247,'CS','From 10 to 20 ','');
INSERT INTO Response (id,type_component,label,help) VALUES (248,'CS','From 20 to 30 ','');
INSERT INTO Response (id,type_component,label,help) VALUES (249,'CS','More than 30 ','');
INSERT INTO Response (id,type_component,label,help) VALUES (25,'CS','0','');
INSERT INTO Response (id,type_component,label,help) VALUES (250,'CS','I don''t know','');
INSERT INTO Response (id,type_component,label,help) VALUES (253,'T','Cartridges used a year ','');
INSERT INTO Response (id,type_component,label,help) VALUES (254,'T','Cartridges stored in the average business ','');
INSERT INTO Response (id,type_component,label,help) VALUES (255,'T','Toners used a year ','');
INSERT INTO Response (id,type_component,label,help) VALUES (256,'T','Toners stored in the average business ','');
INSERT INTO Response (id,type_component,label,help) VALUES (259,'CS','Yes, to a repackaging industry','');
INSERT INTO Response (id,type_component,label,help) VALUES (26,'CS','1 to 2','');
INSERT INTO Response (id,type_component,label,help) VALUES (260,'CS','Yes, towards a recycling channel (destruction)','');
INSERT INTO Response (id,type_component,label,help) VALUES (261,'CS','No no separate collection device is planned','');
INSERT INTO Response (id,type_component,label,help) VALUES (264,'CM','Yes, our paper is made from virgin paste','');
INSERT INTO Response (id,type_component,label,help) VALUES (265,'CM','Yes, mixed paper','');
INSERT INTO Response (id,type_component,label,help) VALUES (266,'CM','Yes, 100% recycled','');
INSERT INTO Response (id,type_component,label,help) VALUES (267,'CM','I''m not paying attention','');
INSERT INTO Response (id,type_component,label,help) VALUES (27,'CS','3 to 9','');
INSERT INTO Response (id,type_component,label,help) VALUES (270,'CM','Yes, FSC','');
INSERT INTO Response (id,type_component,label,help) VALUES (271,'CM','Yes, PEFC','');
INSERT INTO Response (id,type_component,label,help) VALUES (272,'CM','Yes, Blue Angel','');
INSERT INTO Response (id,type_component,label,help) VALUES (273,'CM','Yes, European Label','');
INSERT INTO Response (id,type_component,label,help) VALUES (274,'CM','Yes, other ','');
INSERT INTO Response (id,type_component,label,help) VALUES (275,'CM','I''m not paying attention','');
INSERT INTO Response (id,type_component,label,help) VALUES (28,'CS','10 to 49','');
INSERT INTO Response (id,type_component,label,help) VALUES (29,'CS','50 to 249','');
INSERT INTO Response (id,type_component,label,help) VALUES (3,'CS','I don''t know','');
INSERT INTO Response (id,type_component,label,help) VALUES (30,'CS','250 to 4999','');
INSERT INTO Response (id,type_component,label,help) VALUES (31,'CS','More than 5000','');
INSERT INTO Response (id,type_component,label,help) VALUES (34,'CS','0 to 100K €','');
INSERT INTO Response (id,type_component,label,help) VALUES (35,'CS','100 to 500 K€','');
INSERT INTO Response (id,type_component,label,help) VALUES (36,'CS','500 to 2 M €','');
INSERT INTO Response (id,type_component,label,help) VALUES (37,'CS','2 to 10 M€','');
INSERT INTO Response (id,type_component,label,help) VALUES (38,'CS','10 to 50 M€','');
INSERT INTO Response (id,type_component,label,help) VALUES (39,'CS','More than 50 M€','');
INSERT INTO Response (id,type_component,label,help) VALUES (46,'T','','');
INSERT INTO Response (id,type_component,label,help) VALUES (55,'CT','I don''t know','');
INSERT INTO Response (id,type_component,label,help) VALUES (56,'CT','I do not want to answer','');
INSERT INTO Response (id,type_component,label,help) VALUES (57,'CT','x TB ','');
INSERT INTO Response (id,type_component,label,help) VALUES (60,'CS','We work with workstation (s), without centralized physical server','');
INSERT INTO Response (id,type_component,label,help) VALUES (61,'CS','We have (at least) a centralized physical server','');
INSERT INTO Response (id,type_component,label,help) VALUES (64,'CS','A closet or a room without any specific system','');
INSERT INTO Response (id,type_component,label,help) VALUES (65,'CS','A dedicated room','');
INSERT INTO Response (id,type_component,label,help) VALUES (68,'CS','Internal','');
INSERT INTO Response (id,type_component,label,help) VALUES (69,'CS','Host Member of the European Code of Conduct for Datacenters','');
INSERT INTO Response (id,type_component,label,help) VALUES (70,'CS','Non-adhering Host of the European Code of Conduct for Data Centers','');
INSERT INTO Response (id,type_component,label,help) VALUES (73,'CT','X m2 ','');
INSERT INTO Response (id,type_component,label,help) VALUES (74,'CT','I don''t know','');
INSERT INTO Response (id,type_component,label,help) VALUES (75,'CT','I do not want to answer','');
INSERT INTO Response (id,type_component,label,help) VALUES (79,'CS','Less than 1,6 ','');
INSERT INTO Response (id,type_component,label,help) VALUES (80,'CS','Between 1,6 and 2,1 ','');
INSERT INTO Response (id,type_component,label,help) VALUES (81,'CS','More than 2,1 ','');
INSERT INTO Response (id,type_component,label,help) VALUES (82,'CS','I don''t know','');
INSERT INTO Response (id,type_component,label,help) VALUES (86,'CS','100% - 90% ','');
INSERT INTO Response (id,type_component,label,help) VALUES (87,'CS','90% - 60% ','');
INSERT INTO Response (id,type_component,label,help) VALUES (88,'CS','Less than 60% ','');
INSERT INTO Response (id,type_component,label,help) VALUES (89,'CS','I don''t know','');
INSERT INTO Question_Response (question_id,response_id,id_next_question) VALUES (1,14,NULL);
INSERT INTO Question_Response (question_id,response_id,id_next_question) VALUES (1,15,NULL);
INSERT INTO Question_Response (question_id,response_id,id_next_question) VALUES (1,16,NULL);
INSERT INTO Question_Response (question_id,response_id,id_next_question) VALUES (1,17,NULL);
INSERT INTO Question_Response (question_id,response_id,id_next_question) VALUES (1,18,NULL);
INSERT INTO Question_Response (question_id,response_id,id_next_question) VALUES (1,19,NULL);
INSERT INTO Question_Response (question_id,response_id,id_next_question) VALUES (1,20,NULL);
INSERT INTO Question_Response (question_id,response_id,id_next_question) VALUES (1,21,NULL);
INSERT INTO Question_Response (question_id,response_id,id_next_question) VALUES (1,22,NULL);
INSERT INTO Question_Response (question_id,response_id,id_next_question) VALUES (10,1,NULL);
INSERT INTO Question_Response (question_id,response_id,id_next_question) VALUES (10,2,NULL);
INSERT INTO Question_Response (question_id,response_id,id_next_question) VALUES (10,3,NULL);
INSERT INTO Question_Response (question_id,response_id,id_next_question) VALUES (11,55,NULL);
INSERT INTO Question_Response (question_id,response_id,id_next_question) VALUES (11,56,NULL);
INSERT INTO Question_Response (question_id,response_id,id_next_question) VALUES (11,57,NULL);
INSERT INTO Question_Response (question_id,response_id,id_next_question) VALUES (12,60,50);
INSERT INTO Question_Response (question_id,response_id,id_next_question) VALUES (12,61,13);
INSERT INTO Question_Response (question_id,response_id,id_next_question) VALUES (13,64,31);
INSERT INTO Question_Response (question_id,response_id,id_next_question) VALUES (13,65,14);
INSERT INTO Question_Response (question_id,response_id,id_next_question) VALUES (14,68,NULL);
INSERT INTO Question_Response (question_id,response_id,id_next_question) VALUES (14,69,NULL);
INSERT INTO Question_Response (question_id,response_id,id_next_question) VALUES (14,70,NULL);
INSERT INTO Question_Response (question_id,response_id,id_next_question) VALUES (15,73,NULL);
INSERT INTO Question_Response (question_id,response_id,id_next_question) VALUES (15,74,NULL);
INSERT INTO Question_Response (question_id,response_id,id_next_question) VALUES (15,75,NULL);
INSERT INTO Question_Response (question_id,response_id,id_next_question) VALUES (16,79,NULL);
INSERT INTO Question_Response (question_id,response_id,id_next_question) VALUES (16,80,NULL);
INSERT INTO Question_Response (question_id,response_id,id_next_question) VALUES (16,81,NULL);
INSERT INTO Question_Response (question_id,response_id,id_next_question) VALUES (16,82,NULL);
INSERT INTO Question_Response (question_id,response_id,id_next_question) VALUES (17,86,NULL);
INSERT INTO Question_Response (question_id,response_id,id_next_question) VALUES (17,87,NULL);
INSERT INTO Question_Response (question_id,response_id,id_next_question) VALUES (17,88,NULL);
INSERT INTO Question_Response (question_id,response_id,id_next_question) VALUES (17,89,NULL);
INSERT INTO Question_Response (question_id,response_id,id_next_question) VALUES (18,1,NULL);
INSERT INTO Question_Response (question_id,response_id,id_next_question) VALUES (18,2,NULL);
INSERT INTO Question_Response (question_id,response_id,id_next_question) VALUES (18,3,NULL);
INSERT INTO Question_Response (question_id,response_id,id_next_question) VALUES (19,1,NULL);
INSERT INTO Question_Response (question_id,response_id,id_next_question) VALUES (19,2,NULL);
INSERT INTO Question_Response (question_id,response_id,id_next_question) VALUES (19,3,NULL);
INSERT INTO Question_Response (question_id,response_id,id_next_question) VALUES (2,25,NULL);
INSERT INTO Question_Response (question_id,response_id,id_next_question) VALUES (2,26,NULL);
INSERT INTO Question_Response (question_id,response_id,id_next_question) VALUES (2,27,NULL);
INSERT INTO Question_Response (question_id,response_id,id_next_question) VALUES (2,28,NULL);
INSERT INTO Question_Response (question_id,response_id,id_next_question) VALUES (2,29,NULL);
INSERT INTO Question_Response (question_id,response_id,id_next_question) VALUES (2,30,NULL);
INSERT INTO Question_Response (question_id,response_id,id_next_question) VALUES (2,31,NULL);
INSERT INTO Question_Response (question_id,response_id,id_next_question) VALUES (20,1,NULL);
INSERT INTO Question_Response (question_id,response_id,id_next_question) VALUES (20,2,NULL);
INSERT INTO Question_Response (question_id,response_id,id_next_question) VALUES (20,3,NULL);
INSERT INTO Question_Response (question_id,response_id,id_next_question) VALUES (21,1,NULL);
INSERT INTO Question_Response (question_id,response_id,id_next_question) VALUES (21,2,NULL);
INSERT INTO Question_Response (question_id,response_id,id_next_question) VALUES (21,3,NULL);
INSERT INTO Question_Response (question_id,response_id,id_next_question) VALUES (22,1,NULL);
INSERT INTO Question_Response (question_id,response_id,id_next_question) VALUES (22,2,NULL);
INSERT INTO Question_Response (question_id,response_id,id_next_question) VALUES (22,3,NULL);
INSERT INTO Question_Response (question_id,response_id,id_next_question) VALUES (23,1,NULL);
INSERT INTO Question_Response (question_id,response_id,id_next_question) VALUES (23,2,NULL);
INSERT INTO Question_Response (question_id,response_id,id_next_question) VALUES (23,3,NULL);
INSERT INTO Question_Response (question_id,response_id,id_next_question) VALUES (24,1,NULL);
INSERT INTO Question_Response (question_id,response_id,id_next_question) VALUES (24,2,NULL);
INSERT INTO Question_Response (question_id,response_id,id_next_question) VALUES (24,3,NULL);
INSERT INTO Question_Response (question_id,response_id,id_next_question) VALUES (25,1,NULL);
INSERT INTO Question_Response (question_id,response_id,id_next_question) VALUES (25,2,NULL);
INSERT INTO Question_Response (question_id,response_id,id_next_question) VALUES (25,3,NULL);
INSERT INTO Question_Response (question_id,response_id,id_next_question) VALUES (26,1,NULL);
INSERT INTO Question_Response (question_id,response_id,id_next_question) VALUES (26,2,NULL);
INSERT INTO Question_Response (question_id,response_id,id_next_question) VALUES (26,3,NULL);
INSERT INTO Question_Response (question_id,response_id,id_next_question) VALUES (27,1,NULL);
INSERT INTO Question_Response (question_id,response_id,id_next_question) VALUES (27,2,NULL);
INSERT INTO Question_Response (question_id,response_id,id_next_question) VALUES (27,3,NULL);
INSERT INTO Question_Response (question_id,response_id,id_next_question) VALUES (28,1,NULL);
INSERT INTO Question_Response (question_id,response_id,id_next_question) VALUES (28,2,NULL);
INSERT INTO Question_Response (question_id,response_id,id_next_question) VALUES (28,3,NULL);
INSERT INTO Question_Response (question_id,response_id,id_next_question) VALUES (29,1,NULL);
INSERT INTO Question_Response (question_id,response_id,id_next_question) VALUES (29,2,NULL);
INSERT INTO Question_Response (question_id,response_id,id_next_question) VALUES (29,3,NULL);
INSERT INTO Question_Response (question_id,response_id,id_next_question) VALUES (3,34,NULL);
INSERT INTO Question_Response (question_id,response_id,id_next_question) VALUES (3,35,NULL);
INSERT INTO Question_Response (question_id,response_id,id_next_question) VALUES (3,36,NULL);
INSERT INTO Question_Response (question_id,response_id,id_next_question) VALUES (3,37,NULL);
INSERT INTO Question_Response (question_id,response_id,id_next_question) VALUES (3,38,NULL);
INSERT INTO Question_Response (question_id,response_id,id_next_question) VALUES (3,39,NULL);
INSERT INTO Question_Response (question_id,response_id,id_next_question) VALUES (30,1,NULL);
INSERT INTO Question_Response (question_id,response_id,id_next_question) VALUES (30,2,NULL);
INSERT INTO Question_Response (question_id,response_id,id_next_question) VALUES (30,3,NULL);
INSERT INTO Question_Response (question_id,response_id,id_next_question) VALUES (31,1,NULL);
INSERT INTO Question_Response (question_id,response_id,id_next_question) VALUES (31,2,NULL);
INSERT INTO Question_Response (question_id,response_id,id_next_question) VALUES (31,3,NULL);
INSERT INTO Question_Response (question_id,response_id,id_next_question) VALUES (32,1,NULL);
INSERT INTO Question_Response (question_id,response_id,id_next_question) VALUES (32,2,NULL);
INSERT INTO Question_Response (question_id,response_id,id_next_question) VALUES (32,3,NULL);
INSERT INTO Question_Response (question_id,response_id,id_next_question) VALUES (33,1,NULL);
INSERT INTO Question_Response (question_id,response_id,id_next_question) VALUES (33,2,NULL);
INSERT INTO Question_Response (question_id,response_id,id_next_question) VALUES (33,3,NULL);
INSERT INTO Question_Response (question_id,response_id,id_next_question) VALUES (34,1,NULL);
INSERT INTO Question_Response (question_id,response_id,id_next_question) VALUES (34,2,NULL);
INSERT INTO Question_Response (question_id,response_id,id_next_question) VALUES (34,3,NULL);
INSERT INTO Question_Response (question_id,response_id,id_next_question) VALUES (35,1,NULL);
INSERT INTO Question_Response (question_id,response_id,id_next_question) VALUES (35,2,NULL);
INSERT INTO Question_Response (question_id,response_id,id_next_question) VALUES (35,3,NULL);
INSERT INTO Question_Response (question_id,response_id,id_next_question) VALUES (36,1,NULL);
INSERT INTO Question_Response (question_id,response_id,id_next_question) VALUES (36,2,NULL);
INSERT INTO Question_Response (question_id,response_id,id_next_question) VALUES (36,3,NULL);
INSERT INTO Question_Response (question_id,response_id,id_next_question) VALUES (37,1,NULL);
INSERT INTO Question_Response (question_id,response_id,id_next_question) VALUES (37,2,NULL);
INSERT INTO Question_Response (question_id,response_id,id_next_question) VALUES (37,3,NULL);
INSERT INTO Question_Response (question_id,response_id,id_next_question) VALUES (38,1,NULL);
INSERT INTO Question_Response (question_id,response_id,id_next_question) VALUES (38,2,NULL);
INSERT INTO Question_Response (question_id,response_id,id_next_question) VALUES (38,3,NULL);
INSERT INTO Question_Response (question_id,response_id,id_next_question) VALUES (39,115,42);
INSERT INTO Question_Response (question_id,response_id,id_next_question) VALUES (39,116,42);
INSERT INTO Question_Response (question_id,response_id,id_next_question) VALUES (39,117,40);
INSERT INTO Question_Response (question_id,response_id,id_next_question) VALUES (4,1,5);
INSERT INTO Question_Response (question_id,response_id,id_next_question) VALUES (4,2,12);
INSERT INTO Question_Response (question_id,response_id,id_next_question) VALUES (40,120,NULL);
INSERT INTO Question_Response (question_id,response_id,id_next_question) VALUES (41,123,NULL);
INSERT INTO Question_Response (question_id,response_id,id_next_question) VALUES (42,126,NULL);
INSERT INTO Question_Response (question_id,response_id,id_next_question) VALUES (42,127,NULL);
INSERT INTO Question_Response (question_id,response_id,id_next_question) VALUES (42,128,NULL);
INSERT INTO Question_Response (question_id,response_id,id_next_question) VALUES (42,129,NULL);
INSERT INTO Question_Response (question_id,response_id,id_next_question) VALUES (43,132,NULL);
INSERT INTO Question_Response (question_id,response_id,id_next_question) VALUES (43,133,NULL);
INSERT INTO Question_Response (question_id,response_id,id_next_question) VALUES (43,134,NULL);
INSERT INTO Question_Response (question_id,response_id,id_next_question) VALUES (43,135,NULL);
INSERT INTO Question_Response (question_id,response_id,id_next_question) VALUES (44,1,NULL);
INSERT INTO Question_Response (question_id,response_id,id_next_question) VALUES (44,2,NULL);
INSERT INTO Question_Response (question_id,response_id,id_next_question) VALUES (44,3,NULL);
INSERT INTO Question_Response (question_id,response_id,id_next_question) VALUES (45,1,NULL);
INSERT INTO Question_Response (question_id,response_id,id_next_question) VALUES (45,2,NULL);
INSERT INTO Question_Response (question_id,response_id,id_next_question) VALUES (45,3,NULL);
INSERT INTO Question_Response (question_id,response_id,id_next_question) VALUES (46,1,NULL);
INSERT INTO Question_Response (question_id,response_id,id_next_question) VALUES (46,2,NULL);
INSERT INTO Question_Response (question_id,response_id,id_next_question) VALUES (46,3,NULL);
INSERT INTO Question_Response (question_id,response_id,id_next_question) VALUES (47,153,NULL);
INSERT INTO Question_Response (question_id,response_id,id_next_question) VALUES (47,154,NULL);
INSERT INTO Question_Response (question_id,response_id,id_next_question) VALUES (47,155,NULL);
INSERT INTO Question_Response (question_id,response_id,id_next_question) VALUES (47,156,NULL);
INSERT INTO Question_Response (question_id,response_id,id_next_question) VALUES (48,1,NULL);
INSERT INTO Question_Response (question_id,response_id,id_next_question) VALUES (48,2,NULL);
INSERT INTO Question_Response (question_id,response_id,id_next_question) VALUES (48,3,NULL);
INSERT INTO Question_Response (question_id,response_id,id_next_question) VALUES (49,1,NULL);
INSERT INTO Question_Response (question_id,response_id,id_next_question) VALUES (49,2,NULL);
INSERT INTO Question_Response (question_id,response_id,id_next_question) VALUES (49,3,NULL);
INSERT INTO Question_Response (question_id,response_id,id_next_question) VALUES (5,46,NULL);
INSERT INTO Question_Response (question_id,response_id,id_next_question) VALUES (50,169,NULL);
INSERT INTO Question_Response (question_id,response_id,id_next_question) VALUES (50,170,NULL);
INSERT INTO Question_Response (question_id,response_id,id_next_question) VALUES (50,171,NULL);
INSERT INTO Question_Response (question_id,response_id,id_next_question) VALUES (51,169,NULL);
INSERT INTO Question_Response (question_id,response_id,id_next_question) VALUES (51,170,NULL);
INSERT INTO Question_Response (question_id,response_id,id_next_question) VALUES (51,171,NULL);
INSERT INTO Question_Response (question_id,response_id,id_next_question) VALUES (52,169,NULL);
INSERT INTO Question_Response (question_id,response_id,id_next_question) VALUES (52,170,NULL);
INSERT INTO Question_Response (question_id,response_id,id_next_question) VALUES (52,171,NULL);
INSERT INTO Question_Response (question_id,response_id,id_next_question) VALUES (53,169,NULL);
INSERT INTO Question_Response (question_id,response_id,id_next_question) VALUES (53,170,NULL);
INSERT INTO Question_Response (question_id,response_id,id_next_question) VALUES (53,171,NULL);
INSERT INTO Question_Response (question_id,response_id,id_next_question) VALUES (54,169,NULL);
INSERT INTO Question_Response (question_id,response_id,id_next_question) VALUES (54,170,NULL);
INSERT INTO Question_Response (question_id,response_id,id_next_question) VALUES (54,171,NULL);
INSERT INTO Question_Response (question_id,response_id,id_next_question) VALUES (55,169,NULL);
INSERT INTO Question_Response (question_id,response_id,id_next_question) VALUES (55,170,NULL);
INSERT INTO Question_Response (question_id,response_id,id_next_question) VALUES (55,171,NULL);
INSERT INTO Question_Response (question_id,response_id,id_next_question) VALUES (56,169,NULL);
INSERT INTO Question_Response (question_id,response_id,id_next_question) VALUES (56,170,NULL);
INSERT INTO Question_Response (question_id,response_id,id_next_question) VALUES (56,171,NULL);
INSERT INTO Question_Response (question_id,response_id,id_next_question) VALUES (57,169,NULL);
INSERT INTO Question_Response (question_id,response_id,id_next_question) VALUES (57,170,NULL);
INSERT INTO Question_Response (question_id,response_id,id_next_question) VALUES (57,171,NULL);
INSERT INTO Question_Response (question_id,response_id,id_next_question) VALUES (58,169,NULL);
INSERT INTO Question_Response (question_id,response_id,id_next_question) VALUES (58,170,NULL);
INSERT INTO Question_Response (question_id,response_id,id_next_question) VALUES (58,171,NULL);
INSERT INTO Question_Response (question_id,response_id,id_next_question) VALUES (59,169,NULL);
INSERT INTO Question_Response (question_id,response_id,id_next_question) VALUES (59,170,NULL);
INSERT INTO Question_Response (question_id,response_id,id_next_question) VALUES (59,171,NULL);
INSERT INTO Question_Response (question_id,response_id,id_next_question) VALUES (6,1,NULL);
INSERT INTO Question_Response (question_id,response_id,id_next_question) VALUES (6,2,NULL);
INSERT INTO Question_Response (question_id,response_id,id_next_question) VALUES (6,3,NULL);
INSERT INTO Question_Response (question_id,response_id,id_next_question) VALUES (60,169,NULL);
INSERT INTO Question_Response (question_id,response_id,id_next_question) VALUES (60,170,NULL);
INSERT INTO Question_Response (question_id,response_id,id_next_question) VALUES (60,171,NULL);
INSERT INTO Question_Response (question_id,response_id,id_next_question) VALUES (61,169,NULL);
INSERT INTO Question_Response (question_id,response_id,id_next_question) VALUES (61,170,NULL);
INSERT INTO Question_Response (question_id,response_id,id_next_question) VALUES (61,171,NULL);
INSERT INTO Question_Response (question_id,response_id,id_next_question) VALUES (62,1,63);
INSERT INTO Question_Response (question_id,response_id,id_next_question) VALUES (62,2,70);
INSERT INTO Question_Response (question_id,response_id,id_next_question) VALUES (63,169,NULL);
INSERT INTO Question_Response (question_id,response_id,id_next_question) VALUES (63,170,NULL);
INSERT INTO Question_Response (question_id,response_id,id_next_question) VALUES (63,171,NULL);
INSERT INTO Question_Response (question_id,response_id,id_next_question) VALUES (64,169,NULL);
INSERT INTO Question_Response (question_id,response_id,id_next_question) VALUES (64,170,NULL);
INSERT INTO Question_Response (question_id,response_id,id_next_question) VALUES (64,171,NULL);
INSERT INTO Question_Response (question_id,response_id,id_next_question) VALUES (65,169,NULL);
INSERT INTO Question_Response (question_id,response_id,id_next_question) VALUES (65,170,NULL);
INSERT INTO Question_Response (question_id,response_id,id_next_question) VALUES (65,171,NULL);
INSERT INTO Question_Response (question_id,response_id,id_next_question) VALUES (66,169,NULL);
INSERT INTO Question_Response (question_id,response_id,id_next_question) VALUES (66,170,NULL);
INSERT INTO Question_Response (question_id,response_id,id_next_question) VALUES (66,171,NULL);
INSERT INTO Question_Response (question_id,response_id,id_next_question) VALUES (67,169,NULL);
INSERT INTO Question_Response (question_id,response_id,id_next_question) VALUES (67,170,NULL);
INSERT INTO Question_Response (question_id,response_id,id_next_question) VALUES (67,171,NULL);
INSERT INTO Question_Response (question_id,response_id,id_next_question) VALUES (68,169,NULL);
INSERT INTO Question_Response (question_id,response_id,id_next_question) VALUES (68,170,NULL);
INSERT INTO Question_Response (question_id,response_id,id_next_question) VALUES (68,171,NULL);
INSERT INTO Question_Response (question_id,response_id,id_next_question) VALUES (69,169,NULL);
INSERT INTO Question_Response (question_id,response_id,id_next_question) VALUES (69,170,NULL);
INSERT INTO Question_Response (question_id,response_id,id_next_question) VALUES (69,171,NULL);
INSERT INTO Question_Response (question_id,response_id,id_next_question) VALUES (7,1,NULL);
INSERT INTO Question_Response (question_id,response_id,id_next_question) VALUES (7,2,NULL);
INSERT INTO Question_Response (question_id,response_id,id_next_question) VALUES (7,3,NULL);
INSERT INTO Question_Response (question_id,response_id,id_next_question) VALUES (70,201,NULL);
INSERT INTO Question_Response (question_id,response_id,id_next_question) VALUES (70,202,NULL);
INSERT INTO Question_Response (question_id,response_id,id_next_question) VALUES (71,1,NULL);
INSERT INTO Question_Response (question_id,response_id,id_next_question) VALUES (71,2,NULL);
INSERT INTO Question_Response (question_id,response_id,id_next_question) VALUES (71,3,NULL);
INSERT INTO Question_Response (question_id,response_id,id_next_question) VALUES (72,210,NULL);
INSERT INTO Question_Response (question_id,response_id,id_next_question) VALUES (72,211,NULL);
INSERT INTO Question_Response (question_id,response_id,id_next_question) VALUES (73,1,NULL);
INSERT INTO Question_Response (question_id,response_id,id_next_question) VALUES (73,2,NULL);
INSERT INTO Question_Response (question_id,response_id,id_next_question) VALUES (73,3,NULL);
INSERT INTO Question_Response (question_id,response_id,id_next_question) VALUES (74,1,NULL);
INSERT INTO Question_Response (question_id,response_id,id_next_question) VALUES (74,2,NULL);
INSERT INTO Question_Response (question_id,response_id,id_next_question) VALUES (74,3,NULL);
INSERT INTO Question_Response (question_id,response_id,id_next_question) VALUES (75,1,NULL);
INSERT INTO Question_Response (question_id,response_id,id_next_question) VALUES (75,2,NULL);
INSERT INTO Question_Response (question_id,response_id,id_next_question) VALUES (75,3,NULL);
INSERT INTO Question_Response (question_id,response_id,id_next_question) VALUES (76,1,NULL);
INSERT INTO Question_Response (question_id,response_id,id_next_question) VALUES (76,2,NULL);
INSERT INTO Question_Response (question_id,response_id,id_next_question) VALUES (76,3,NULL);
INSERT INTO Question_Response (question_id,response_id,id_next_question) VALUES (77,234,NULL);
INSERT INTO Question_Response (question_id,response_id,id_next_question) VALUES (77,235,NULL);
INSERT INTO Question_Response (question_id,response_id,id_next_question) VALUES (77,236,NULL);
INSERT INTO Question_Response (question_id,response_id,id_next_question) VALUES (77,237,NULL);
INSERT INTO Question_Response (question_id,response_id,id_next_question) VALUES (78,1,NULL);
INSERT INTO Question_Response (question_id,response_id,id_next_question) VALUES (78,2,NULL);
INSERT INTO Question_Response (question_id,response_id,id_next_question) VALUES (78,3,NULL);
INSERT INTO Question_Response (question_id,response_id,id_next_question) VALUES (79,1,NULL);
INSERT INTO Question_Response (question_id,response_id,id_next_question) VALUES (79,2,NULL);
INSERT INTO Question_Response (question_id,response_id,id_next_question) VALUES (79,3,NULL);
INSERT INTO Question_Response (question_id,response_id,id_next_question) VALUES (8,1,NULL);
INSERT INTO Question_Response (question_id,response_id,id_next_question) VALUES (8,2,NULL);
INSERT INTO Question_Response (question_id,response_id,id_next_question) VALUES (8,3,NULL);
INSERT INTO Question_Response (question_id,response_id,id_next_question) VALUES (80,1,NULL);
INSERT INTO Question_Response (question_id,response_id,id_next_question) VALUES (80,2,NULL);
INSERT INTO Question_Response (question_id,response_id,id_next_question) VALUES (80,3,NULL);
INSERT INTO Question_Response (question_id,response_id,id_next_question) VALUES (81,1,NULL);
INSERT INTO Question_Response (question_id,response_id,id_next_question) VALUES (81,2,NULL);
INSERT INTO Question_Response (question_id,response_id,id_next_question) VALUES (81,3,NULL);
INSERT INTO Question_Response (question_id,response_id,id_next_question) VALUES (82,1,NULL);
INSERT INTO Question_Response (question_id,response_id,id_next_question) VALUES (82,2,NULL);
INSERT INTO Question_Response (question_id,response_id,id_next_question) VALUES (82,3,NULL);
INSERT INTO Question_Response (question_id,response_id,id_next_question) VALUES (83,246,NULL);
INSERT INTO Question_Response (question_id,response_id,id_next_question) VALUES (83,247,NULL);
INSERT INTO Question_Response (question_id,response_id,id_next_question) VALUES (83,248,NULL);
INSERT INTO Question_Response (question_id,response_id,id_next_question) VALUES (83,249,NULL);
INSERT INTO Question_Response (question_id,response_id,id_next_question) VALUES (83,250,NULL);
INSERT INTO Question_Response (question_id,response_id,id_next_question) VALUES (84,253,NULL);
INSERT INTO Question_Response (question_id,response_id,id_next_question) VALUES (84,254,NULL);
INSERT INTO Question_Response (question_id,response_id,id_next_question) VALUES (84,255,NULL);
INSERT INTO Question_Response (question_id,response_id,id_next_question) VALUES (84,256,NULL);
INSERT INTO Question_Response (question_id,response_id,id_next_question) VALUES (85,259,NULL);
INSERT INTO Question_Response (question_id,response_id,id_next_question) VALUES (85,260,NULL);
INSERT INTO Question_Response (question_id,response_id,id_next_question) VALUES (85,261,NULL);
INSERT INTO Question_Response (question_id,response_id,id_next_question) VALUES (86,264,NULL);
INSERT INTO Question_Response (question_id,response_id,id_next_question) VALUES (86,265,NULL);
INSERT INTO Question_Response (question_id,response_id,id_next_question) VALUES (86,266,NULL);
INSERT INTO Question_Response (question_id,response_id,id_next_question) VALUES (86,267,NULL);
INSERT INTO Question_Response (question_id,response_id,id_next_question) VALUES (87,270,NULL);
INSERT INTO Question_Response (question_id,response_id,id_next_question) VALUES (87,271,NULL);
INSERT INTO Question_Response (question_id,response_id,id_next_question) VALUES (87,272,NULL);
INSERT INTO Question_Response (question_id,response_id,id_next_question) VALUES (87,273,NULL);
INSERT INTO Question_Response (question_id,response_id,id_next_question) VALUES (87,274,NULL);
INSERT INTO Question_Response (question_id,response_id,id_next_question) VALUES (87,275,NULL);
INSERT INTO Question_Response (question_id,response_id,id_next_question) VALUES (88,1,NULL);
INSERT INTO Question_Response (question_id,response_id,id_next_question) VALUES (88,2,NULL);
INSERT INTO Question_Response (question_id,response_id,id_next_question) VALUES (88,3,NULL);
INSERT INTO Question_Response (question_id,response_id,id_next_question) VALUES (9,1,NULL);
INSERT INTO Question_Response (question_id,response_id,id_next_question) VALUES (9,2,NULL);
INSERT INTO Question_Response (question_id,response_id,id_next_question) VALUES (9,3,NULL);
